carat,depth,table,price,size,Good,Ideal,Premium,Very Good,E,F,G,H,I,J,IF,SI1,SI2,VS1,VS2,VVS1,VVS2
0.93,64.5,56.3,3425,147.084928,1,0,0,0,0,0,1,0,0,0,0,0,1,0,0,0,0
0.77,62.2,57.0,3152,123.58915799999998,0,0,0,1,0,0,0,1,0,0,0,0,0,1,0,0,0
0.7,60.0,59.0,5027,115.924025,0,0,1,0,0,0,0,0,0,0,1,0,0,0,0,0,0
0.31,62.6,58.0,872,50.15439000000001,0,0,1,0,1,0,0,0,0,0,0,0,0,0,1,0,0
0.3,61.4,59.0,831,48.28942999999999,0,0,0,1,0,0,1,0,0,0,1,0,0,0,0,0,0
0.34,62.7,56.0,803,55.820800000000006,0,1,0,0,0,0,0,0,0,0,0,1,0,0,0,0,0
0.7,64.2,60.0,2298,113.09688,1,0,0,0,0,0,0,0,0,0,0,1,0,0,0,0,0
0.4,61.6,59.0,900,63.566128000000006,0,0,1,0,0,0,1,0,0,0,0,1,0,0,0,0,0
1.06,62.5,57.0,5783,170.060715,0,0,0,1,0,0,0,1,0,0,0,0,0,0,1,0,0
0.4,61.2,55.0,666,65.794518,0,1,0,0,1,0,0,0,0,0,0,0,1,0,0,0,0
1.04,62.0,55.0,4892,170.00474400000002,0,1,0,0,1,0,0,0,0,0,0,0,1,0,0,0,0
0.35,62.9,58.0,788,57.306368000000006,0,0,1,0,1,0,0,0,0,0,0,1,0,0,0,0,0
0.62,61.2,59.0,1166,100.22664,0,0,1,0,0,0,0,0,0,1,0,0,0,0,1,0,0
1.3,60.1,58.0,6442,216.97032,0,0,1,0,0,0,0,0,1,0,0,0,0,0,1,0,0
1.35,60.5,60.0,5167,219.92083200000002,0,0,1,0,0,0,1,0,0,0,0,0,1,0,0,0,0
0.72,60.6,57.0,1799,118.597248,0,0,1,0,0,0,0,0,1,0,0,1,0,0,0,0,0
0.91,64.0,56.6,4105,146.81771999999998,0,0,0,1,0,0,1,0,0,0,0,0,0,0,1,0,0
0.35,60.7,56.0,868,58.77972,0,1,0,0,0,0,1,0,0,0,0,0,0,0,0,1,0
1.13,59.1,59.0,5014,189.010188,0,0,0,1,0,1,0,0,0,0,0,0,1,0,0,0,0
0.33,61.2,55.0,521,54.303795,0,1,0,0,0,0,0,1,0,0,0,0,0,0,1,0,0
0.9,62.3,58.0,3740,145.66463999999996,0,0,1,0,0,0,0,0,0,0,0,0,1,0,0,0,0
0.34,61.0,57.0,880,55.23840000000001,0,1,0,0,0,1,0,0,0,0,0,0,0,0,1,0,0
0.55,62.1,60.0,1744,88.11374400000001,0,0,0,1,1,0,0,0,0,0,0,0,0,0,1,0,0
0.7,61.2,56.0,3662,116.17689600000001,0,1,0,0,0,1,0,0,0,0,0,0,0,1,0,0,0
0.54,62.2,56.0,2009,89.50884199999999,0,0,1,0,0,0,0,0,0,0,0,0,0,0,1,0,0
0.31,63.6,61.0,742,48.130824999999994,1,0,0,0,0,1,0,0,0,0,0,0,0,0,0,1,0
0.3,62.1,55.0,612,50.43346499999999,0,1,0,0,0,1,0,0,0,0,0,0,0,1,0,0,0
1.14,61.5,57.0,7042,184.94515199999998,0,1,0,0,0,0,1,0,0,0,0,0,0,0,1,0,0
0.32,60.3,60.0,758,52.398216,0,0,1,0,0,0,0,0,0,0,0,0,0,0,1,0,0
0.59,61.1,57.0,1771,98.06350400000001,0,0,0,1,0,0,0,1,0,0,0,0,0,0,0,0,1
0.24,60.8,58.0,559,39.626819999999995,0,1,0,0,0,0,1,0,0,0,1,0,0,0,0,0,0
0.4,62.8,54.0,1053,65.66464,0,1,0,0,0,0,0,0,1,0,1,0,0,0,0,0,0
0.52,62.0,54.0,930,85.3664,0,1,0,0,0,0,0,0,0,1,0,1,0,0,0,0,0
1.01,63.0,58.0,6097,164.806044,0,0,1,0,0,1,0,0,0,0,0,0,0,0,1,0,0
0.53,61.3,58.0,886,86.25632399999999,0,0,1,0,0,1,0,0,0,0,0,0,0,0,0,0,0
0.72,62.7,56.0,2578,118.60991999999999,0,1,0,0,0,0,1,0,0,0,0,0,0,0,1,0,0
0.39,61.3,60.0,746,62.23932,0,0,1,0,0,0,0,0,0,1,0,0,0,0,1,0,0
1.07,61.5,57.0,5254,176.849946,0,0,0,1,0,0,0,1,0,0,0,0,0,0,1,0,0
0.34,63.0,54.0,727,57.05280000000001,0,1,0,0,0,1,0,0,0,0,0,1,0,0,0,0,0
0.75,64.4,59.0,2953,118.70258400000002,1,0,0,0,0,1,0,0,0,0,0,0,0,1,0,0,0
1.01,63.2,58.0,3309,160.02159999999998,0,0,0,1,0,0,0,0,1,0,0,0,1,0,0,0,0
0.81,62.9,56.0,3059,128.14210000000003,0,0,0,1,1,0,0,0,0,0,0,0,1,0,0,0,0
1.5,63.1,59.0,7150,235.01764000000003,0,0,0,1,0,0,0,0,1,0,0,0,1,0,0,0,0
0.51,63.1,58.0,1793,83.914488,0,0,0,1,0,0,0,0,0,0,0,0,0,0,1,0,0
0.3,59.9,59.0,658,49.499694,0,0,1,0,1,0,0,0,0,0,0,0,0,0,1,0,0
0.52,59.9,57.0,2217,86.377632,0,1,0,0,0,0,0,0,0,0,0,0,0,0,0,0,1
0.73,59.9,58.0,2882,120.32560799999999,0,0,1,0,0,1,0,0,0,0,0,0,0,0,1,0,0
0.26,64.0,57.0,524,42.377061999999995,1,0,0,0,0,1,0,0,0,0,0,0,0,0,0,1,0
0.39,61.8,57.0,979,63.788399999999996,0,1,0,0,0,0,0,0,0,0,0,0,0,1,0,0,0
0.56,62.5,56.0,1441,90.228864,0,1,0,0,0,0,1,0,0,0,0,1,0,0,0,0,0
0.49,59.5,62.0,1182,81.30358799999999,1,0,0,0,0,1,0,0,0,0,0,0,0,1,0,0,0
0.3,62.5,60.0,675,48.158767999999995,0,0,1,0,1,0,0,0,0,0,0,1,0,0,0,0,0
1.52,63.3,57.0,10618,248.96198399999997,0,0,0,1,0,0,0,1,0,0,0,0,0,0,1,0,0
0.8,62.0,54.2,2591,131.64822,0,0,0,1,0,0,0,0,1,0,0,0,0,0,1,0,0
0.91,62.8,59.0,4556,149.04807300000002,0,0,0,1,0,0,0,0,0,0,0,1,0,0,0,0,0
1.31,60.0,57.0,6089,213.33725,0,0,1,0,0,0,0,1,0,0,0,0,1,0,0,0,0
0.34,60.5,58.0,879,54.95596799999999,0,0,1,0,0,0,1,0,0,0,1,0,0,0,0,0,0
1.0,62.2,61.0,4543,157.86792,1,0,0,0,0,0,0,0,0,0,0,0,1,0,0,0,0
0.7,60.9,57.0,1832,114.985728,0,1,0,0,0,0,0,0,0,1,0,0,1,0,0,0,0
0.32,63.6,56.0,589,52.53526600000001,1,0,0,0,0,0,0,0,0,0,0,1,0,0,0,0,0
1.05,59.5,56.0,6132,175.117536,0,0,0,1,0,0,0,1,0,0,0,0,0,1,0,0,0
0.4,63.2,57.0,666,64.33596,1,0,0,0,1,0,0,0,0,0,0,0,1,0,0,0,0
0.75,61.5,55.0,3336,125.58504,0,1,0,0,0,1,0,0,0,0,0,1,0,0,0,0,0
1.25,59.3,57.0,7560,210.52710000000002,0,0,1,0,0,0,0,1,0,0,0,0,0,1,0,0,0
1.1,62.6,55.0,4624,179.08506,0,1,0,0,0,0,0,0,1,0,0,0,1,0,0,0,0
1.06,62.7,54.0,6055,175.09459999999996,0,1,0,0,0,0,0,0,0,0,0,1,0,0,0,0,0
1.21,61.3,56.0,9779,198.40888,0,0,1,0,0,0,1,0,0,0,0,0,0,0,0,0,1
0.7,62.6,60.0,2765,112.08809000000001,0,0,0,1,1,0,0,0,0,0,0,0,0,0,1,0,0
0.97,60.2,61.0,4140,160.00128,0,0,0,1,0,0,1,0,0,0,0,1,0,0,0,0,0
0.43,60.7,54.0,891,73.2096,0,1,0,0,0,0,0,1,0,0,0,1,0,0,0,0,0
0.33,61.7,55.0,838,55.84320000000001,0,1,0,0,0,0,1,0,0,0,0,0,0,0,0,1,0
0.83,62.2,60.0,3347,134.055454,0,0,1,0,0,0,0,0,0,0,0,1,0,0,0,0,0
0.31,62.1,55.0,628,50.55047999999999,0,1,0,0,0,0,0,1,0,0,0,0,0,0,1,0,0
0.71,61.7,57.0,2370,116.63308799999999,0,1,0,0,1,0,0,0,0,0,0,0,1,0,0,0,0
0.34,61.4,56.0,1033,56.46645,0,1,0,0,0,0,0,0,0,0,0,0,0,0,1,0,0
1.0,62.0,53.0,4551,165.22191,0,1,0,0,0,0,1,0,0,0,0,0,1,0,0,0,0
1.02,62.6,59.0,7741,166.87665800000002,0,0,1,0,0,0,1,0,0,0,0,0,0,0,0,0,1
0.42,61.8,57.0,1024,67.91335199999999,0,1,0,0,1,0,0,0,0,0,0,0,0,0,1,0,0
0.71,61.4,56.0,3229,117.447288,0,1,0,0,0,0,0,1,0,0,0,0,0,1,0,0,0
1.4,62.1,57.0,6350,227.300472,0,1,0,0,0,0,0,0,0,1,0,1,0,0,0,0,0
0.73,61.6,56.0,4134,118.93248000000001,0,1,0,0,0,0,0,0,0,0,0,0,0,0,1,0,0
1.01,62.2,53.0,6613,171.63576,0,0,0,1,0,0,1,0,0,0,0,0,0,1,0,0,0
0.39,62.5,60.0,951,63.056208,0,0,1,0,1,0,0,0,0,0,0,0,0,0,1,0,0
0.29,58.9,56.0,504,48.854414999999996,0,0,0,1,1,0,0,0,0,0,0,0,0,1,0,0,0
0.51,62.9,58.0,1438,82.7392,0,0,0,1,0,0,1,0,0,0,0,0,0,0,1,0,0
1.21,61.3,57.0,10685,196.78428000000002,0,1,0,0,0,0,1,0,0,0,0,0,0,1,0,0,0
0.31,61.9,55.0,680,51.44202,0,1,0,0,1,0,0,0,0,0,0,0,0,0,1,0,0
1.56,63.0,58.0,6971,249.34728,0,0,1,0,0,1,0,0,0,0,0,0,1,0,0,0,0
0.4,61.7,56.0,1172,65.328576,0,1,0,0,0,0,0,0,0,0,0,0,0,0,1,0,0
0.41,63.1,59.0,904,66.5285,0,0,0,1,0,1,0,0,0,0,0,1,0,0,0,0,0
0.51,62.4,56.0,1916,83.45996999999998,0,1,0,0,0,0,1,0,0,0,0,0,0,0,0,0,1
0.5,61.5,55.0,1554,83.32161600000002,0,1,0,0,1,0,0,0,0,0,0,0,0,0,1,0,0
0.3,61.6,56.0,838,49.64092,0,1,0,0,1,0,0,0,0,0,0,0,0,0,0,1,0
0.72,62.5,54.0,3330,118.487232,0,1,0,0,0,1,0,0,0,0,0,0,0,1,0,0,0
0.41,63.3,60.0,680,64.68902399999999,0,0,0,1,0,0,0,0,1,0,0,1,0,0,0,0,0
1.26,59.6,57.0,4704,206.77817600000003,0,1,0,0,0,0,0,0,1,0,0,0,1,0,0,0,0
0.43,62.4,57.0,792,69.2634,0,0,0,1,0,1,0,0,0,0,0,1,0,0,0,0,0
0.56,61.7,56.0,1197,90.88227999999998,0,1,0,0,0,0,0,1,0,0,0,1,0,0,0,0,0
0.32,63.1,56.0,720,52.827504,0,0,0,1,1,0,0,0,0,0,0,1,0,0,0,0,0
0.31,62.6,57.0,625,50.15439000000001,0,1,0,0,0,1,0,0,0,0,0,0,0,0,1,0,0
0.41,62.0,57.0,1076,66.193512,0,1,0,0,0,1,0,0,0,0,0,0,0,1,0,0,0
0.31,61.9,58.0,907,50.246784,0,0,1,0,0,0,0,1,0,0,0,0,0,0,0,1,0
0.28,60.6,59.0,642,46.20140399999999,0,0,0,1,0,1,0,0,0,0,0,0,0,0,0,0,1
0.51,61.4,58.0,1836,84.56609,0,0,1,0,0,1,0,0,0,0,0,0,0,1,0,0,0
0.76,60.5,60.0,2491,124.48161599999999,0,0,1,0,0,1,0,0,0,0,0,0,1,0,0,0,0
1.2,62.1,59.0,5280,193.239,0,0,0,1,0,0,0,1,0,0,0,0,1,0,0,0,0
0.42,62.4,57.0,921,69.2622,0,0,0,1,0,0,0,1,0,0,0,0,0,0,0,0,1
0.71,61.3,56.0,2817,116.91148200000002,0,0,1,0,1,0,0,0,0,0,0,1,0,0,0,0,0
0.33,60.3,61.0,933,54.755008000000004,0,0,1,0,0,0,0,0,0,0,0,0,0,1,0,0,0
1.01,63.3,57.0,7885,160.92771599999998,0,0,0,1,0,0,1,0,0,0,0,0,0,0,0,0,1
0.71,63.1,57.0,2096,112.522575,1,0,0,0,0,0,0,1,0,0,0,1,0,0,0,0,0
0.83,61.3,58.0,2990,133.5042,0,0,1,0,0,0,0,0,0,0,0,1,0,0,0,0,0
1.09,62.6,56.0,5601,178.64731999999998,0,0,1,0,0,0,0,1,0,0,0,0,0,0,1,0,0
0.28,60.2,56.0,598,48.00046999999999,0,1,0,0,0,1,0,0,0,0,0,0,0,1,0,0,0
0.37,61.4,58.0,749,60.748735999999994,0,0,1,0,0,0,0,1,0,0,0,0,0,0,1,0,0
1.09,59.5,58.0,5706,180.63320000000002,0,0,1,0,0,0,0,1,0,0,0,1,0,0,0,0,0
0.42,61.5,56.0,1289,69.95251999999999,0,1,0,0,0,0,1,0,0,0,1,0,0,0,0,0,0
0.35,61.4,56.0,1254,57.632472,0,1,0,0,1,0,0,0,0,0,1,0,0,0,0,0,0
1.09,62.5,56.0,5125,176.16634,0,1,0,0,0,0,0,1,0,0,0,1,0,0,0,0,0
1.3,61.8,59.0,5438,209.38195499999998,0,0,1,0,0,0,0,0,0,1,0,1,0,0,0,0,0
0.71,61.3,56.0,1901,116.91148200000002,0,1,0,0,0,0,0,0,0,1,0,0,1,0,0,0,0
0.24,60.6,59.0,552,39.0744,0,0,0,1,0,0,0,0,0,0,0,0,0,0,0,0,1
1.26,62.2,58.0,6332,204.245184,0,1,0,0,0,0,0,0,0,1,0,0,0,1,0,0,0
0.53,62.4,57.0,1832,87.440472,0,1,0,0,0,1,0,0,0,0,0,0,0,1,0,0,0
0.31,61.3,56.0,802,51.179424000000004,0,1,0,0,0,0,1,0,0,0,0,0,0,1,0,0,0
1.01,60.5,58.0,4799,164.346,0,0,0,1,0,0,0,0,0,0,0,0,1,0,0,0,0
0.3,62.6,60.0,709,48.5673,0,0,1,0,0,0,0,0,1,0,0,0,0,0,0,1,0
1.23,61.3,56.0,10445,201.389877,0,1,0,0,0,0,1,0,0,0,0,0,0,0,0,0,1
0.34,62.0,54.0,464,57.790459999999996,0,1,0,0,0,0,0,0,0,1,0,0,0,1,0,0,0
0.31,62.0,57.0,489,51.20658,0,1,0,0,0,0,0,1,0,0,0,0,0,0,1,0,0
0.97,59.9,59.0,4063,158.01984000000002,0,0,0,1,0,1,0,0,0,0,0,0,1,0,0,0,0
1.01,61.3,54.0,5006,168.315756,0,1,0,0,0,0,0,0,0,0,0,0,1,0,0,0,0
1.01,62.4,58.0,4355,162.91648800000002,0,0,0,1,1,0,0,0,0,0,0,0,1,0,0,0,0
0.26,61.9,56.0,418,42.21811,0,0,0,1,0,0,1,0,0,0,0,0,0,1,0,0,0
0.4,63.5,57.0,842,64.41552,1,0,0,0,0,0,0,0,1,0,0,0,0,0,0,1,0
1.01,62.2,60.0,6533,161.84896,0,0,1,0,0,1,0,0,0,0,0,0,0,0,1,0,0
0.52,60.4,56.0,1337,89.88767999999999,0,1,0,0,0,1,0,0,0,0,0,1,0,0,0,0,0
1.1,61.7,56.0,11132,181.03959999999998,0,0,0,1,0,0,0,0,0,0,0,0,0,0,0,0,1
0.31,62.4,57.0,558,50.62094999999999,0,0,1,0,0,0,0,1,0,0,0,1,0,0,0,0,0
0.29,61.7,57.0,647,47.211876000000004,0,1,0,0,0,0,0,0,0,0,0,0,0,1,0,0,0
0.42,60.9,57.0,1103,69.912832,0,1,0,0,0,1,0,0,0,0,0,0,0,1,0,0,0
0.74,59.1,58.0,1923,125.03286399999999,0,0,0,1,0,0,0,0,0,1,0,0,1,0,0,0,0
0.34,61.9,60.0,537,54.2113,0,0,0,1,0,0,0,1,0,0,0,0,0,0,1,0,0
1.34,62.4,58.0,7636,214.128252,0,0,0,1,0,0,0,1,0,0,0,1,0,0,0,0,0
0.5,61.4,56.0,1066,83.647728,0,1,0,0,0,0,0,0,1,0,0,1,0,0,0,0,0
0.51,61.4,57.0,1656,83.647728,0,1,0,0,1,0,0,0,0,0,0,0,0,0,1,0,0
1.01,62.1,62.0,5826,158.36908800000003,0,0,1,0,0,0,0,1,0,0,0,0,0,1,0,0,0
0.39,63.1,56.0,1065,63.841218,0,0,0,1,1,0,0,0,0,0,0,0,0,0,1,0,0
0.7,59.1,60.0,2536,114.45371999999998,0,0,1,0,0,0,0,0,1,0,0,0,0,0,0,1,0
0.7,62.2,58.0,2106,116.676864,0,0,1,0,0,0,1,0,0,0,0,1,0,0,0,0,0
0.4,61.3,55.0,1323,66.29860000000001,0,1,0,0,0,1,0,0,0,0,0,0,0,0,0,1,0
1.33,59.9,60.0,6614,215.35024199999998,0,0,1,0,0,0,0,1,0,0,0,0,0,0,1,0,0
0.32,62.9,56.0,900,52.6361,0,1,0,0,1,0,0,0,0,0,0,0,0,0,1,0,0
0.9,62.5,56.0,3188,146.080935,0,0,0,1,0,0,0,0,0,1,0,0,0,1,0,0,0
0.34,62.9,58.0,686,55.446720000000006,0,0,0,1,0,1,0,0,0,0,0,0,0,0,1,0,0
0.9,63.4,60.0,3342,139.95356199999998,0,0,0,1,1,0,0,0,0,0,0,0,1,0,0,0,0
0.4,63.1,59.0,596,64.47225000000002,1,0,0,0,0,0,1,0,0,0,0,0,1,0,0,0,0
0.56,60.1,58.0,2959,94.12588800000002,0,0,0,1,0,0,0,0,0,0,0,0,0,0,0,1,0
0.4,61.3,56.0,1323,65.518068,0,1,0,0,0,1,0,0,0,0,0,0,0,0,0,1,0
1.35,61.9,56.0,6124,220.67651999999998,0,1,0,0,0,0,0,0,0,1,0,1,0,0,0,0,0
1.0,60.1,62.0,5629,162.83851200000004,0,1,0,0,1,0,0,0,0,0,0,1,0,0,0,0,0
0.53,61.5,56.0,1427,88.242812,0,1,0,0,0,0,0,1,0,0,0,0,0,0,1,0,0
0.41,62.4,58.0,1115,65.9974,0,0,1,0,0,1,0,0,0,0,0,0,0,0,0,0,1
0.5,60.3,58.0,1846,82.80437199999999,0,0,1,0,0,0,0,1,0,0,1,0,0,0,0,0,0
0.34,62.4,54.0,745,56.32256,0,1,0,0,1,0,0,0,0,0,0,0,0,0,1,0,0
1.15,61.7,59.0,5038,186.119496,0,1,0,0,0,0,0,0,1,0,0,0,0,0,1,0,0
0.3,59.5,58.0,675,50.83795599999999,0,0,1,0,1,0,0,0,0,0,0,1,0,0,0,0,0
0.51,63.2,58.0,1417,81.9312,0,0,0,1,0,1,0,0,0,0,0,0,0,0,1,0,0
1.1,59.8,61.0,3745,177.77445000000003,0,0,1,0,0,1,0,0,0,0,0,0,0,0,0,0,0
0.25,63.0,54.0,525,41.251632,0,0,0,1,0,0,1,0,0,0,0,0,0,0,0,1,0
0.7,61.6,56.5,2487,113.43617999999998,0,1,0,0,0,0,0,0,1,0,0,0,0,0,0,0,1
0.42,62.2,56.0,1103,68.37222599999998,0,1,0,0,0,0,1,0,0,0,0,0,0,0,0,0,1
1.52,62.3,58.0,8608,245.87514000000002,0,1,0,0,0,0,0,0,0,1,0,0,0,1,0,0,0
0.4,63.3,58.0,687,65.967664,1,0,0,0,0,1,0,0,0,0,0,1,0,0,0,0,0
0.23,60.9,57.0,530,37.792415000000005,0,1,0,0,0,1,0,0,0,0,0,0,0,0,0,0,1
0.3,61.8,58.0,684,50.47833600000001,0,0,1,0,0,0,0,1,0,0,0,0,0,0,0,1,0
0.73,61.4,58.0,2841,119.549784,0,0,1,0,0,0,1,0,0,0,0,0,0,1,0,0,0
0.3,61.4,55.0,673,50.405328000000004,0,0,1,0,0,1,0,0,0,0,0,0,0,0,1,0,0
1.01,60.5,57.0,4837,171.09906,0,1,0,0,0,0,0,0,0,0,0,0,1,0,0,0,0
0.52,61.2,57.0,1292,86.58936,0,1,0,0,0,0,0,0,0,0,0,0,1,0,0,0,0
0.32,61.1,56.0,972,52.078131,0,1,0,0,0,0,0,0,0,0,0,0,0,0,1,0,0
0.71,59.0,59.0,2735,116.913216,0,0,1,0,1,0,0,0,0,0,0,0,0,0,1,0,0
0.3,62.1,55.0,844,49.898920000000004,0,1,0,0,1,0,0,0,0,0,0,0,0,0,1,0,0
1.6,61.8,57.0,6899,259.393898,0,0,1,0,0,1,0,0,0,0,0,0,1,0,0,0,0
0.5,60.0,56.0,2260,84.201936,0,0,0,1,0,0,1,0,0,0,0,0,0,0,0,0,1
1.0,63.0,56.0,4081,161.03119999999998,1,0,0,0,0,0,0,1,0,0,0,0,1,0,0,0,0
0.7,62.4,61.0,2415,113.98799999999999,0,0,1,0,0,0,0,0,1,0,0,0,0,0,0,0,1
0.53,61.6,57.0,1813,86.36096,0,0,1,0,1,0,0,0,0,0,0,0,0,0,1,0,0
0.91,64.1,60.0,4744,144.40374,1,0,0,0,0,0,1,0,0,0,0,0,0,1,0,0,0
1.0,63.4,61.0,5600,155.571199,1,0,0,0,0,0,1,0,0,0,0,0,0,0,1,0,0
0.59,59.5,58.0,2551,100.60589700000001,0,1,0,0,0,0,1,0,0,0,1,0,0,0,0,0,0
0.57,63.3,56.0,1072,93.11352199999999,1,0,0,0,0,0,0,0,1,0,0,1,0,0,0,0,0
0.36,61.1,57.0,852,59.458476000000005,0,1,0,0,0,0,0,0,0,0,0,0,0,0,1,0,0
0.53,61.5,56.0,1094,87.467043,0,1,0,0,0,0,0,0,1,0,0,1,0,0,0,0,0
1.04,61.9,58.0,6908,172.26762,0,0,1,0,0,1,0,0,0,0,0,0,0,0,1,0,0
0.33,63.2,58.0,572,52.707168,0,0,0,1,0,0,0,0,1,0,0,1,0,0,0,0,0
1.04,61.4,55.0,4423,172.1967,0,1,0,0,0,0,0,0,1,0,0,1,0,0,0,0,0
0.3,61.1,58.0,673,49.26768,0,1,0,0,1,0,0,0,0,0,0,0,0,1,0,0,0
0.27,61.3,57.0,682,43.955208,0,0,0,1,0,1,0,0,0,0,0,0,0,0,0,0,1
0.51,61.9,55.0,1597,85.53120000000001,0,1,0,0,0,0,0,0,0,0,0,0,0,0,1,0,0
0.23,62.4,59.0,530,37.301988,0,0,0,1,1,0,0,0,0,0,0,0,0,0,0,0,1
0.32,62.3,60.0,591,52.37232000000001,0,0,1,0,0,0,0,1,0,0,0,1,0,0,0,0,0
0.41,62.5,57.0,1013,66.362016,0,1,0,0,1,0,0,0,0,0,0,0,0,0,0,0,1
1.7,63.2,57.0,9253,276.5112,0,0,0,1,0,0,0,0,0,1,0,1,0,0,0,0,0
0.54,60.2,61.0,1771,89.436116,1,0,0,0,1,0,0,0,0,0,0,0,0,0,1,0,0
0.72,62.7,55.0,2670,116.72232,0,1,0,0,0,0,0,0,0,0,0,0,1,0,0,0,0
0.58,61.9,63.0,2243,92.13224799999999,1,0,0,0,1,0,0,0,0,0,0,0,0,0,0,1,0
1.11,62.5,54.0,6737,181.268178,0,1,0,0,1,0,0,0,0,0,0,1,0,0,0,0,0
1.03,61.3,60.0,5010,170.0412,0,0,0,1,1,0,0,0,0,0,0,1,0,0,0,0,0
1.75,63.3,59.0,8840,277.82127099999997,0,1,0,0,0,0,0,0,0,1,0,1,0,0,0,0,0
0.57,61.7,60.0,1944,91.85299200000001,0,0,1,0,0,0,0,0,0,0,0,0,0,0,1,0,0
0.3,62.5,56.0,694,49.321915999999995,0,1,0,0,1,0,0,0,0,0,0,0,0,1,0,0,0
0.92,62.2,56.0,4011,149.72256000000002,0,1,0,0,1,0,0,0,0,0,0,0,1,0,0,0,0
0.32,62.2,55.0,827,52.61174100000001,0,1,0,0,1,0,0,0,0,0,0,0,0,0,0,1,0
1.22,61.3,56.0,8596,198.40888,0,1,0,0,0,0,0,1,0,0,0,0,0,0,1,0,0
1.5,61.8,57.0,6443,243.05896199999998,0,0,1,0,0,0,0,1,0,0,0,0,1,0,0,0,0
0.33,61.8,55.0,1114,53.893060000000006,0,1,0,0,0,0,1,0,0,0,0,0,0,0,0,1,0
0.71,61.2,58.0,3113,113.38870399999999,0,0,0,1,0,0,1,0,0,0,0,0,0,0,0,0,1
0.54,61.6,61.0,1637,87.29916,0,0,1,0,1,0,0,0,0,0,0,1,0,0,0,0,0
1.0,62.7,58.0,4579,162.5576,0,0,1,0,1,0,0,0,0,0,0,0,1,0,0,0,0
0.5,61.3,56.0,1629,83.05794,0,0,1,0,1,0,0,0,0,0,0,0,0,0,1,0,0
0.7,62.5,57.0,2593,113.40460799999998,0,0,0,1,1,0,0,0,0,0,0,0,0,0,1,0,0
0.3,62.4,55.0,475,49.96944,0,1,0,0,0,1,0,0,0,0,0,1,0,0,0,0,0
1.01,63.2,57.0,6787,162.86225999999996,0,0,0,1,1,0,0,0,0,0,0,0,0,0,1,0,0
0.4,61.6,57.0,1050,65.602764,0,1,0,0,0,0,0,0,0,0,0,0,0,0,1,0,0
0.26,61.3,60.0,491,42.08868400000001,0,0,1,0,0,0,1,0,0,0,0,0,0,1,0,0,0
1.01,63.2,62.0,3823,158.864643,1,0,0,0,0,0,0,0,0,1,0,0,0,1,0,0,0
0.31,61.4,54.0,680,52.152660000000004,0,1,0,0,1,0,0,0,0,0,0,0,0,0,1,0,0
1.29,61.2,56.0,6918,212.50814999999997,0,1,0,0,0,0,0,0,0,1,0,0,0,0,0,1,0
1.15,62.9,54.0,7978,189.717696,0,0,0,1,0,0,0,0,0,0,0,0,0,1,0,0,0
0.31,60.8,55.0,930,52.00218399999999,0,0,1,0,1,0,0,0,0,0,0,0,0,0,1,0,0
0.3,62.5,57.0,776,49.853232000000006,0,1,0,0,0,0,1,0,0,0,0,0,0,1,0,0,0
0.77,61.7,55.0,3154,125.71779000000001,0,1,0,0,0,0,1,0,0,0,0,0,0,0,1,0,0
0.96,63.2,57.0,4247,154.295295,0,0,0,1,0,0,1,0,0,0,0,1,0,0,0,0,0
0.41,62.3,61.0,818,66.139,0,0,1,0,0,0,0,0,0,0,0,0,1,0,0,0,0
1.01,63.1,59.0,4836,160.78080000000003,0,0,0,1,0,0,0,1,0,0,0,1,0,0,0,0,0
0.31,61.7,59.0,558,51.67908,0,0,1,0,0,0,0,1,0,0,0,1,0,0,0,0,0
0.42,62.8,57.8,1247,70.24752,0,0,0,1,1,0,0,0,0,0,0,0,0,1,0,0,0
0.3,60.9,58.0,863,49.610879999999995,0,1,0,0,0,0,1,0,0,0,1,0,0,0,0,0,0
0.75,61.8,57.0,3048,120.22284400000001,0,0,0,1,0,0,0,0,0,0,0,1,0,0,0,0,0
0.24,61.8,56.0,442,39.976608000000006,0,1,0,0,0,0,1,0,0,0,0,0,0,1,0,0,0
0.57,62.0,55.0,2360,92.59047,0,1,0,0,0,1,0,0,0,0,0,0,0,0,0,0,1
1.03,61.7,56.0,7137,170.62729199999998,0,1,0,0,0,1,0,0,0,0,0,0,0,1,0,0,0
0.34,61.9,56.0,1014,56.04396599999999,0,1,0,0,1,0,0,0,0,0,0,0,0,0,0,1,0
0.26,61.2,57.0,545,43.467424,0,1,0,0,0,0,0,1,0,0,1,0,0,0,0,0,0
0.72,61.5,60.0,2961,118.18837499999998,0,0,1,0,1,0,0,0,0,0,0,0,0,1,0,0,0
0.38,61.6,57.0,626,61.573511999999994,0,1,0,0,0,0,0,0,1,0,0,1,0,0,0,0,0
0.27,61.8,56.0,682,45.078534000000005,0,0,0,1,0,1,0,0,0,0,0,0,0,0,0,1,0
0.31,60.9,57.0,680,50.14436,0,1,0,0,1,0,0,0,0,0,0,0,0,0,1,0,0
0.33,60.8,57.0,681,55.6083,0,0,0,1,0,0,1,0,0,0,0,0,0,1,0,0,0
1.5,61.9,58.0,8649,241.19533599999997,0,0,1,0,0,0,0,0,0,0,0,0,1,0,0,0,0
0.36,60.8,56.0,789,59.976639999999996,0,1,0,0,1,0,0,0,0,0,0,0,0,0,1,0,0
0.3,62.1,54.0,590,50.55047999999999,0,1,0,0,0,0,0,1,0,0,0,0,0,0,0,0,1
0.6,61.8,57.0,2298,96.74049600000001,0,1,0,0,0,1,0,0,0,0,0,0,0,0,0,0,1
0.3,60.0,60.0,826,50.454709,0,1,0,0,1,0,0,0,0,0,0,0,0,0,0,1,0
0.59,63.4,56.0,1391,97.028919,0,0,0,1,0,0,0,0,1,0,0,0,0,0,1,0,0
1.16,62.9,58.0,4586,186.126504,0,0,0,1,0,0,0,0,1,0,0,1,0,0,0,0,0
0.5,62.8,55.0,1077,81.57972000000001,0,0,0,1,1,0,0,0,0,0,0,0,1,0,0,0,0
0.64,60.5,57.0,2420,106.309044,0,1,0,0,0,0,0,1,0,0,1,0,0,0,0,0,0
0.3,62.0,56.0,844,50.130472,0,1,0,0,1,0,0,0,0,0,0,0,0,0,1,0,0
0.46,61.4,57.0,1006,75.888,0,1,0,0,0,0,0,0,1,0,0,0,0,0,0,0,1
1.2,62.5,56.0,5634,192.55775599999998,0,1,0,0,0,0,0,0,1,0,0,0,0,0,1,0,0
1.48,62.3,58.0,7244,233.082186,0,0,0,1,0,0,0,1,0,0,0,0,1,0,0,0,0
0.91,63.8,58.0,3781,142.352532,1,0,0,0,0,0,0,0,0,0,0,0,1,0,0,0,0
0.54,61.7,56.0,1809,88.51814999999999,0,1,0,0,0,0,1,0,0,0,0,0,0,1,0,0,0
0.33,59.1,60.0,772,53.863936,0,0,0,1,0,1,0,0,0,0,0,0,0,1,0,0,0
1.71,63.2,57.0,9881,267.898575,1,0,0,0,0,0,0,0,1,0,0,1,0,0,0,0,0
1.0,61.8,56.0,3520,162.45266399999997,0,1,0,0,1,0,0,0,0,0,0,0,0,0,0,0,0
0.7,62.6,59.0,2837,114.32917,0,0,1,0,1,0,0,0,0,0,0,0,0,1,0,0,0
0.53,61.4,56.0,1721,87.634284,0,1,0,0,1,0,0,0,0,0,0,0,0,0,1,0,0
0.34,59.0,59.0,537,56.63385,0,0,1,0,0,0,0,1,0,0,0,0,0,0,1,0,0
0.32,61.9,58.0,505,51.989453,0,0,1,0,0,0,0,1,0,0,0,0,0,0,1,0,0
1.51,63.2,60.0,11263,235.867905,0,0,0,1,0,0,0,1,0,0,0,0,0,1,0,0,0
0.5,62.2,54.0,1721,82.288128,0,1,0,0,0,0,1,0,0,0,0,0,0,0,1,0,0
0.37,62.0,57.0,1092,60.436530000000005,0,1,0,0,0,1,0,0,0,0,1,0,0,0,0,0,0
0.41,63.8,56.0,947,66.2688,1,0,0,0,0,0,0,0,0,0,0,1,0,0,0,0,0
0.3,62.6,61.0,710,47.52775,0,0,0,1,0,0,0,0,0,0,0,0,0,0,1,0,0
0.8,61.0,57.0,2818,134.02560000000003,0,1,0,0,0,0,0,1,0,0,0,1,0,0,0,0,0
1.01,61.6,57.0,5006,164.648604,0,1,0,0,0,0,0,0,0,0,0,0,1,0,0,0,0
0.51,61.5,55.0,1129,84.997584,0,1,0,0,0,0,1,0,0,0,0,0,1,0,0,0,0
0.36,61.2,55.0,475,59.588298,0,0,0,1,0,0,0,1,0,0,0,0,1,0,0,0,0
0.52,62.9,59.0,1847,84.41004600000001,0,0,0,1,0,0,0,0,0,0,0,0,0,0,1,0,0
0.38,60.5,60.0,727,61.23686399999998,0,0,1,0,0,0,0,0,0,1,0,0,0,0,1,0,0
0.34,62.1,55.0,686,56.24556299999999,0,1,0,0,0,1,0,0,0,0,0,0,0,0,1,0,0
0.41,63.5,57.0,539,66.33016,1,0,0,0,0,0,0,0,1,0,0,0,1,0,0,0,0
0.4,61.1,58.0,982,65.43096,0,0,1,0,0,0,1,0,0,0,0,0,0,0,0,0,1
0.52,61.5,56.0,2055,85.758684,0,1,0,0,0,0,1,0,0,0,1,0,0,0,0,0,0
1.56,58.8,59.0,7950,266.92227199999996,0,0,1,0,0,1,0,0,0,0,0,0,1,0,0,0,0
1.02,62.7,57.0,3913,165.43104,0,1,0,0,0,0,0,0,1,0,0,0,1,0,0,0,0
0.56,62.6,57.0,1915,91.82381999999998,0,1,0,0,1,0,0,0,0,0,0,0,0,0,1,0,0
0.33,61.2,57.0,738,54.86959600000001,0,1,0,0,0,1,0,0,0,0,0,0,0,1,0,0,0
1.0,63.0,59.0,4956,163.61721599999998,0,0,1,0,0,0,1,0,0,0,0,1,0,0,0,0,0
0.72,61.7,56.0,3478,118.3166,0,1,0,0,0,0,1,0,0,0,0,0,0,1,0,0,0
1.03,63.0,57.0,4315,165.99552,0,0,0,1,0,0,1,0,0,0,0,0,1,0,0,0,0
0.7,61.0,57.0,2859,116.04902399999997,0,1,0,0,0,0,0,0,0,0,0,0,0,0,1,0,0
0.3,61.3,57.0,1069,48.92659200000001,0,1,0,0,0,0,0,0,0,0,0,0,0,0,0,1,0
0.82,62.8,59.0,4135,130.592832,0,0,0,1,1,0,0,0,0,0,0,0,0,0,1,0,0
0.93,62.0,57.0,3266,154.54451999999998,0,1,0,0,0,1,0,0,0,0,0,0,1,0,0,0,0
0.4,61.9,59.0,1111,65.551425,0,0,0,1,0,1,0,0,0,0,0,0,0,0,0,1,0
0.24,62.1,58.0,478,39.577824,0,0,0,1,0,1,0,0,0,0,0,0,0,0,0,0,1
1.59,62.9,58.1,8526,256.55863,0,0,0,1,0,0,0,0,0,1,0,0,0,0,1,0,0
0.51,62.4,57.0,1781,83.45996999999998,0,1,0,0,1,0,0,0,0,0,0,0,0,0,1,0,0
0.32,61.0,56.0,758,53.422772,0,1,0,0,0,0,0,0,0,0,0,0,0,0,1,0,0
1.19,61.4,58.0,5595,193.850426,0,0,1,0,0,0,0,1,0,0,0,1,0,0,0,0,0
0.61,62.0,53.0,1591,102.10302,0,1,0,0,0,0,0,1,0,0,0,0,0,0,1,0,0
1.01,61.5,56.0,4458,165.41322600000004,0,1,0,0,0,1,0,0,0,0,0,0,1,0,0,0,0
0.32,61.5,55.0,647,53.137920000000015,0,1,0,0,0,0,1,0,0,0,0,1,0,0,0,0,0
0.32,62.9,55.0,872,52.877,0,0,0,1,0,0,1,0,0,0,1,0,0,0,0,0,0
0.7,61.8,57.0,2298,114.162048,0,1,0,0,0,0,0,1,0,0,0,0,1,0,0,0,0
0.33,63.0,57.0,752,53.626092,0,0,0,1,0,0,1,0,0,0,0,0,0,0,0,0,1
1.28,61.4,58.0,8458,206.83879999999996,0,0,1,0,0,0,1,0,0,0,0,0,0,0,1,0,0
1.31,64.1,57.0,5429,208.13436,1,0,0,0,0,0,0,1,0,0,0,0,1,0,0,0,0
1.24,61.9,55.0,2940,201.93251999999995,0,0,0,1,0,0,0,0,0,1,0,0,0,0,0,0,0
0.33,63.3,56.0,579,54.70164,1,0,0,0,1,0,0,0,0,0,0,1,0,0,0,0,0
0.9,59.9,60.0,3581,143.45696400000003,0,0,0,1,0,0,1,0,0,0,0,0,1,0,0,0,0
0.75,61.4,55.0,3049,121.67704,0,1,0,0,1,0,0,0,0,0,0,1,0,0,0,0,0
0.75,63.1,58.0,2347,118.11198,0,0,0,1,0,1,0,0,0,0,0,1,0,0,0,0,0
0.57,62.5,58.0,1180,90.23083199999998,0,0,0,1,0,0,0,0,1,0,0,1,0,0,0,0,0
0.51,62.1,58.0,1662,82.612736,0,0,1,0,0,0,1,0,0,0,0,0,0,1,0,0,0
1.24,62.6,59.0,6125,197.551536,0,0,1,0,0,1,0,0,0,0,0,1,0,0,0,0,0
0.3,61.8,55.0,776,49.828340999999995,0,1,0,0,0,0,1,0,0,0,0,0,0,1,0,0,0
1.0,63.5,59.0,5860,157.34924100000003,1,0,0,0,0,0,1,0,0,0,0,0,0,0,1,0,0
0.95,59.7,61.0,3830,150.100665,0,0,1,0,0,0,1,0,0,0,0,0,1,0,0,0,0
0.99,60.6,61.0,4075,160.07739,0,0,1,0,0,1,0,0,0,0,0,0,1,0,0,0,0
0.43,61.6,55.0,919,71.82763,0,1,0,0,0,0,0,1,0,0,0,1,0,0,0,0,0
0.9,60.3,63.0,3534,141.607008,0,0,0,1,0,0,0,0,0,0,0,0,1,0,0,0,0
1.05,59.7,55.0,11417,179.2872,0,0,0,1,0,1,0,0,0,0,1,0,0,0,0,0,0
0.75,62.6,55.0,2393,124.27009,0,1,0,0,0,1,0,0,0,0,0,0,1,0,0,0,0
1.01,62.4,58.0,5696,162.91848300000004,0,0,0,1,0,0,1,0,0,0,0,0,0,0,1,0,0
0.31,62.6,57.0,924,50.15520000000001,0,1,0,0,0,0,1,0,0,0,1,0,0,0,0,0,0
0.24,62.3,57.0,436,39.939102000000005,0,1,0,0,0,0,1,0,0,0,0,0,0,1,0,0,0
1.55,61.9,60.0,8873,244.259264,0,0,0,1,0,0,1,0,0,0,0,0,1,0,0,0,0
0.26,61.3,60.0,382,42.08868400000001,0,0,1,0,0,0,1,0,0,0,0,0,0,1,0,0,0
0.73,61.2,58.0,3370,119.41880499999999,0,0,1,0,1,0,0,0,0,0,0,0,0,1,0,0,0
0.5,61.4,55.0,2482,83.647728,0,1,0,0,0,0,0,0,0,0,0,0,0,0,0,0,1
0.3,61.7,54.6,618,49.71273,0,1,0,0,0,0,1,0,0,0,0,0,0,1,0,0,0
1.01,62.9,58.0,5497,162.9664,0,0,0,1,0,0,1,0,0,0,0,1,0,0,0,0,0
1.96,60.4,62.0,9769,301.21436,0,0,1,0,0,0,0,1,0,0,0,0,1,0,0,0,0
1.05,61.8,57.0,4816,171.57886200000002,0,1,0,0,0,1,0,0,0,0,0,1,0,0,0,0,0
1.46,62.5,57.0,7146,230.31008000000003,0,0,0,1,0,0,0,0,1,0,0,1,0,0,0,0,0
0.3,63.3,57.0,574,49.64177999999999,0,0,0,1,0,0,0,0,0,0,0,0,1,0,0,0,0
0.23,60.8,56.0,499,37.886646000000006,0,0,0,1,1,0,0,0,0,0,0,0,0,0,0,1,0
1.15,60.9,57.0,5047,188.26752,0,0,0,1,0,0,0,1,0,0,0,1,0,0,0,0,0
0.32,60.9,55.0,715,54.225920000000016,0,1,0,0,0,0,0,0,0,0,0,1,0,0,0,0,0
0.51,63.6,55.0,1220,81.700278,1,0,0,0,0,0,1,0,0,0,0,1,0,0,0,0,0
0.51,62.9,56.0,1406,82.15845,0,1,0,0,0,1,0,0,0,0,0,1,0,0,0,0,0
0.34,60.4,61.0,686,55.20076800000001,0,0,0,1,0,0,1,0,0,0,0,0,0,1,0,0,0
1.6,61.9,58.0,10064,262.60689,0,0,1,0,0,0,0,0,0,0,0,0,1,0,0,0,0
1.02,60.2,56.0,7465,172.40598400000002,0,1,0,0,1,0,0,0,0,0,0,0,0,0,1,0,0
1.06,60.7,63.0,2080,172.489296,0,0,0,1,0,0,1,0,0,0,0,0,0,0,0,0,0
0.79,61.5,58.0,3047,129.79018800000003,0,0,0,1,0,1,0,0,0,0,0,1,0,0,0,0,0
0.35,62.3,60.0,1063,57.15539999999999,0,0,1,0,1,0,0,0,0,0,0,0,0,1,0,0,0
0.8,62.2,57.0,3648,132.00551000000002,0,1,0,0,1,0,0,0,0,0,0,0,0,0,1,0,0
1.02,62.7,57.0,5839,169.0065,0,0,0,1,0,0,0,0,0,0,0,1,0,0,0,0,0
1.09,62.3,55.0,5125,178.759518,0,1,0,0,0,0,0,1,0,0,0,1,0,0,0,0,0
0.58,60.4,57.0,2245,94.88360399999999,0,1,0,0,0,1,0,0,0,0,0,0,0,1,0,0,0
1.01,63.3,57.0,4559,158.10933599999998,0,0,0,1,0,0,0,1,0,0,0,0,0,0,1,0,0
1.02,60.9,58.0,4039,164.917762,0,0,0,1,0,0,0,1,0,0,0,0,1,0,0,0,0
0.43,61.8,56.0,792,70.7124,0,1,0,0,0,1,0,0,0,0,0,1,0,0,0,0,0
0.27,59.7,59.0,544,44.38131799999999,0,0,0,1,0,1,0,0,0,0,0,0,0,0,0,1,0
0.83,63.5,54.0,2811,134.85199,0,0,0,1,0,0,0,0,0,0,0,1,0,0,0,0,0
1.01,63.4,57.0,3592,162.750744,0,0,0,1,0,0,0,1,0,0,0,0,1,0,0,0,0
0.3,62.7,60.0,709,47.932668,0,0,1,0,0,0,0,0,0,0,0,1,0,0,0,0,0
1.01,62.4,56.0,4242,163.17264600000001,0,1,0,0,0,0,1,0,0,0,0,0,1,0,0,0,0
0.4,62.6,58.0,807,64.805832,0,0,0,1,0,0,0,1,0,0,0,0,0,1,0,0,0
1.04,62.8,58.0,9705,167.29236,0,0,0,1,1,0,0,0,0,0,0,0,0,0,0,0,1
0.3,61.8,60.0,673,48.65664999999999,0,0,1,0,0,1,0,0,0,0,0,0,0,0,1,0,0
0.8,61.2,58.0,3713,132.920496,0,1,0,0,0,1,0,0,0,0,0,0,0,0,1,0,0
0.74,61.8,58.0,2797,120.01484599999999,0,1,0,0,0,0,0,1,0,0,0,0,0,1,0,0,0
0.5,63.3,59.0,1187,79.40786599999998,0,0,0,1,0,0,1,0,0,0,0,1,0,0,0,0,0
0.71,61.8,54.0,2637,117.49566399999999,0,1,0,0,0,0,0,0,1,0,0,0,0,1,0,0,0
0.43,60.1,58.0,1064,71.117715,0,0,1,0,0,0,0,0,0,0,0,1,0,0,0,0,0
1.13,61.5,57.0,8889,184.393484,0,1,0,0,0,0,1,0,0,0,0,0,0,0,0,0,1
0.3,62.2,58.0,878,48.612564,0,0,1,0,0,0,0,1,0,0,0,0,0,0,0,1,0
1.06,59.4,57.0,4452,174.677295,0,1,0,0,0,0,0,1,0,0,0,0,1,0,0,0,0
0.71,62.6,59.0,2218,115.05564000000001,0,0,0,1,0,0,0,0,1,0,0,1,0,0,0,0,0
1.04,62.1,57.0,4668,168.280416,0,1,0,0,0,1,0,0,0,0,0,0,1,0,0,0,0
0.3,62.0,59.0,844,48.953841999999995,0,0,1,0,1,0,0,0,0,0,0,0,0,0,1,0,0
0.3,59.8,62.0,737,49.084880000000005,0,0,0,1,0,0,1,0,0,0,0,0,0,0,0,1,0
1.01,64.2,54.0,5616,158.67883200000003,1,0,0,0,0,1,0,0,0,0,0,0,0,0,1,0,0
1.24,61.6,54.0,9569,205.064615,0,1,0,0,0,1,0,0,0,0,0,0,0,0,1,0,0
0.57,60.7,58.0,1732,93.02182499999999,0,0,0,1,1,0,0,0,0,0,0,0,0,0,1,0,0
0.32,60.8,57.0,842,53.225640000000006,0,1,0,0,1,0,0,0,0,0,0,0,0,0,0,0,1
1.0,61.9,60.0,5544,159.619644,0,0,1,0,0,1,0,0,0,0,0,1,0,0,0,0,0
0.9,60.8,58.0,4008,148.19240000000002,0,1,0,0,0,0,1,0,0,0,0,1,0,0,0,0,0
0.3,60.7,58.0,796,50.49044999999999,0,0,1,0,0,0,0,1,0,0,0,0,0,0,0,1,0
0.7,62.3,57.0,2540,115.33807999999998,0,0,0,1,0,0,0,1,0,0,0,0,0,1,0,0,0
1.8,63.2,58.0,10161,289.10755,0,0,0,1,0,0,0,0,1,0,0,0,1,0,0,0,0
0.31,62.3,57.0,1122,50.200779999999995,0,1,0,0,0,1,0,0,0,0,1,0,0,0,0,0,0
0.71,63.3,56.0,2306,115.41311500000002,1,0,0,0,0,0,0,0,1,0,0,0,0,1,0,0,0
0.3,61.3,57.0,552,49.569309999999994,0,1,0,0,0,0,0,0,1,0,0,0,0,0,0,1,0
0.81,62.3,55.0,4412,133.6086,0,1,0,0,0,1,0,0,0,0,0,0,0,1,0,0,0
0.9,62.6,58.0,3902,144.29184,0,0,0,1,1,0,0,0,0,0,0,0,1,0,0,0,0
1.1,61.8,55.4,5273,180.4943,0,1,0,0,0,0,0,0,1,0,0,0,0,0,1,0,0
1.06,61.4,55.0,5194,176.41638,0,1,0,0,0,0,0,1,0,0,0,1,0,0,0,0,0
1.5,62.2,57.0,10886,241.932514,0,1,0,0,0,0,0,1,0,0,0,0,0,0,1,0,0
1.55,59.5,56.0,9557,258.785604,0,0,0,1,1,0,0,0,0,0,0,0,1,0,0,0,0
0.52,61.1,62.0,1343,84.463008,0,0,0,1,1,0,0,0,0,0,0,1,0,0,0,0,0
0.3,60.4,59.0,710,49.23504,0,0,1,0,0,0,0,0,0,0,0,0,0,0,1,0,0
0.58,63.3,56.0,1332,95.55769799999999,0,0,0,1,0,0,0,1,0,0,0,1,0,0,0,0,0
0.58,61.5,56.0,1690,94.98389999999999,0,1,0,0,0,0,1,0,0,0,0,1,0,0,0,0,0
0.5,62.4,55.0,964,82.711482,0,1,0,0,0,0,0,1,0,0,0,0,1,0,0,0,0
0.59,61.6,56.0,1784,97.102467,0,0,0,1,0,1,0,0,0,0,0,0,0,0,1,0,0
1.5,63.1,57.0,9282,242.592975,0,0,0,1,0,0,1,0,0,0,0,0,1,0,0,0,0
1.14,59.2,58.0,4890,188.45792,0,0,0,1,0,0,0,1,0,0,0,1,0,0,0,0,0
0.9,63.2,57.0,4715,143.02134,0,0,0,1,0,1,0,0,0,0,0,0,0,0,1,0,0
0.4,61.6,56.0,612,65.967192,0,1,0,0,0,0,0,0,0,1,0,1,0,0,0,0,0
1.01,60.2,60.0,5340,163.761,0,0,0,1,1,0,0,0,0,0,0,0,1,0,0,0,0
0.35,62.7,56.0,827,57.104718,0,1,0,0,0,0,0,0,0,0,0,1,0,0,0,0,0
0.41,61.5,55.0,763,67.82581,0,1,0,0,0,0,0,1,0,0,0,1,0,0,0,0,0
0.54,60.1,56.0,1786,89.157024,0,1,0,0,0,1,0,0,0,0,0,0,0,0,1,0,0
0.36,62.7,57.0,727,59.59953999999999,0,1,0,0,1,0,0,0,0,0,0,0,0,1,0,0,0
1.51,59.6,60.0,7553,254.57581600000003,0,0,1,0,0,0,0,0,0,1,0,0,0,0,1,0,0
0.3,60.0,58.0,658,50.56964,0,0,1,0,1,0,0,0,0,0,0,0,0,0,1,0,0
0.35,61.8,55.0,820,58.045608,0,1,0,0,0,0,1,0,0,0,0,0,0,0,0,0,1
0.36,60.9,61.0,729,59.11864,0,0,1,0,0,0,0,0,1,0,0,0,0,1,0,0,0
1.0,62.2,53.9,5728,166.4,0,1,0,0,1,0,0,0,0,0,0,1,0,0,0,0,0
0.4,62.8,56.0,918,66.446325,0,0,0,1,0,0,0,0,0,0,0,0,0,0,1,0,0
0.27,61.9,58.0,620,45.361259999999994,0,0,0,1,0,1,0,0,0,0,0,0,0,0,0,0,1
1.04,62.5,57.0,6012,171.26297999999997,0,1,0,0,0,0,1,0,0,0,0,0,0,0,1,0,0
1.24,62.4,59.0,7351,199.772804,0,0,1,0,0,0,0,0,0,0,0,1,0,0,0,0,0
1.0,61.0,60.0,4496,158.091156,1,0,0,0,0,0,0,0,1,0,0,1,0,0,0,0,0
0.42,60.6,56.0,1235,69.96456,0,1,0,0,0,0,1,0,0,0,0,0,0,0,0,1,0
0.57,61.4,57.0,2068,93.704352,0,1,0,0,1,0,0,0,0,0,0,0,0,1,0,0,0
0.57,60.5,57.0,1884,92.908296,0,1,0,0,1,0,0,0,0,0,0,0,0,1,0,0,0
1.25,62.0,58.0,7389,205.127208,0,0,1,0,0,0,1,0,0,0,0,0,0,0,0,1,0
0.33,61.6,58.0,781,53.574885,0,0,1,0,1,0,0,0,0,0,0,0,0,1,0,0,0
1.01,63.6,56.0,4873,161.984641,0,0,0,1,0,0,0,1,0,0,0,1,0,0,0,0,0
0.46,60.1,57.0,904,76.256208,0,0,0,1,0,1,0,0,0,0,0,1,0,0,0,0,0
0.35,61.6,57.0,644,57.8396,0,1,0,0,0,0,0,0,0,0,0,1,0,0,0,0,0
0.94,62.4,58.0,3456,148.759317,0,0,1,0,0,1,0,0,0,0,0,0,1,0,0,0,0
0.31,62.1,58.0,462,50.97276000000001,0,0,1,0,0,0,1,0,0,0,0,1,0,0,0,0,0
0.7,62.7,57.0,2177,110.78143999999999,0,1,0,0,0,0,1,0,0,0,0,0,1,0,0,0,0
1.34,60.1,61.0,4953,213.83751599999997,0,0,1,0,0,0,1,0,0,0,0,0,1,0,0,0,0
0.33,60.5,55.0,666,55.524105,0,1,0,0,0,1,0,0,0,0,0,0,0,0,1,0,0
1.5,60.9,56.0,8770,246.0816,0,1,0,0,0,1,0,0,0,0,0,1,0,0,0,0,0
0.23,61.8,55.0,493,37.817604,0,1,0,0,0,1,0,0,0,0,0,0,0,0,1,0,0
1.24,62.4,59.0,4791,203.064147,0,0,1,0,0,0,0,0,1,0,0,1,0,0,0,0,0
0.71,61.1,58.0,3578,116.77951999999998,0,0,1,0,0,1,0,0,0,0,1,0,0,0,0,0,0
0.98,61.1,60.0,3895,155.309292,0,0,0,1,1,0,0,0,0,0,0,0,1,0,0,0,0
0.26,61.3,55.0,401,44.72704000000001,0,0,0,1,0,1,0,0,0,0,0,1,0,0,0,0,0
0.32,61.0,56.6,471,52.628400000000006,0,1,0,0,0,0,0,1,0,0,0,1,0,0,0,0,0
0.91,62.1,58.0,4917,149.094816,0,0,0,1,0,1,0,0,0,0,0,0,0,0,1,0,0
0.7,61.1,61.0,2724,113.980608,0,0,0,1,0,0,0,0,0,0,0,1,0,0,0,0,0
0.32,61.8,60.0,645,51.01854,0,0,0,1,0,0,1,0,0,0,0,0,0,1,0,0,0
1.51,61.8,59.0,8678,248.02022399999998,0,1,0,0,0,0,0,0,0,1,0,0,0,1,0,0,0
0.9,63.4,54.0,2834,147.74682,0,0,0,1,0,0,0,0,0,1,0,1,0,0,0,0,0
0.7,63.2,61.0,1940,111.211932,0,0,0,1,0,0,0,0,0,1,0,0,0,0,1,0,0
0.71,62.6,54.0,2111,116.190648,0,1,0,0,0,0,0,0,1,0,0,1,0,0,0,0,0
1.06,62.1,57.0,8567,170.95179199999998,0,1,0,0,1,0,0,0,0,0,0,0,0,1,0,0,0
0.4,61.9,57.0,736,65.69118600000002,0,1,0,0,0,0,0,0,1,0,0,0,0,1,0,0,0
0.7,62.2,57.0,2230,115.53759,0,1,0,0,0,1,0,0,0,0,0,1,0,0,0,0,0
0.51,60.3,56.0,1205,85.068252,0,0,1,0,1,0,0,0,0,0,0,0,1,0,0,0,0
0.54,60.6,57.0,1291,90.16761600000001,0,1,0,0,0,0,0,1,0,0,0,1,0,0,0,0,0
0.34,60.2,58.0,765,56.14408799999999,0,0,1,0,0,0,1,0,0,0,0,0,0,0,1,0,0
0.4,61.6,55.0,703,65.60422399999999,0,1,0,0,0,1,0,0,0,0,0,1,0,0,0,0,0
0.3,61.3,60.0,526,48.40173099999999,0,0,1,0,1,0,0,0,0,0,0,1,0,0,0,0,0
1.5,62.8,59.0,9240,238.488705,0,0,1,0,0,0,0,0,0,1,0,0,0,1,0,0,0
0.24,62.5,60.0,399,39.086784,1,0,0,0,0,1,0,0,0,0,0,0,0,1,0,0,0
0.57,61.8,57.0,1410,93.28926599999998,0,1,0,0,0,0,0,0,1,0,0,0,0,0,1,0,0
0.31,62.1,57.0,593,50.434272,0,1,0,0,0,0,0,0,0,0,0,0,1,0,0,0,0
0.43,60.7,55.0,857,72.520656,0,1,0,0,0,0,0,1,0,0,0,0,0,0,1,0,0
0.9,63.5,62.0,4081,143.529399,0,0,0,1,0,0,1,0,0,0,0,0,0,0,1,0,0
1.55,62.3,55.0,6901,252.77920800000004,0,1,0,0,1,0,0,0,0,0,0,0,1,0,0,0,0
0.32,61.1,56.0,713,53.30299,0,1,0,0,1,0,0,0,0,0,0,0,0,1,0,0,0
1.54,60.1,61.0,7589,247.095342,0,0,0,1,0,0,0,0,1,0,0,0,1,0,0,0,0
0.6,60.1,61.0,1757,98.4368,1,0,0,0,0,0,1,0,0,0,0,0,0,1,0,0,0
0.3,62.2,53.0,514,49.66790400000001,0,1,0,0,0,0,0,1,0,0,0,1,0,0,0,0,0
0.26,61.2,56.0,600,43.256928,0,1,0,0,0,0,0,1,0,0,0,0,0,0,0,1,0
1.75,61.6,54.8,11576,287.466332,0,1,0,0,0,0,1,0,0,0,0,0,1,0,0,0,0
0.57,61.9,60.0,2069,93.74804999999998,0,0,1,0,1,0,0,0,0,0,0,0,0,0,1,0,0
1.04,61.9,54.0,4941,173.22133499999998,0,1,0,0,0,0,0,0,1,0,0,1,0,0,0,0,0
0.53,60.8,55.0,1707,89.48837999999999,0,1,0,0,1,0,0,0,0,0,0,0,0,0,1,0,0
0.3,61.6,60.0,473,48.47304,0,0,1,0,0,0,0,0,1,0,0,0,0,1,0,0,0
0.37,61.9,58.0,941,59.830847999999996,0,0,1,0,0,0,0,0,0,0,0,0,0,1,0,0,0
1.01,61.1,62.0,6517,163.6479,0,0,0,1,1,0,0,0,0,0,0,0,0,0,1,0,0
1.01,60.7,58.0,4771,164.51176500000003,0,0,1,0,0,0,0,1,0,0,0,1,0,0,0,0,0
0.82,60.8,57.0,4628,133.66507,0,1,0,0,0,0,0,0,0,0,0,0,0,0,1,0,0
1.01,62.2,54.0,8104,166.56256800000003,0,1,0,0,0,0,1,0,0,0,0,0,0,0,0,0,1
0.43,61.2,56.2,803,71.204757,0,1,0,0,1,0,0,0,0,0,0,1,0,0,0,0,0
0.47,61.8,54.0,782,78.68455499999999,0,1,0,0,0,0,0,1,0,0,0,0,1,0,0,0,0
1.33,62.4,54.0,5857,219.00032000000004,0,1,0,0,0,0,0,0,0,1,0,1,0,0,0,0,0
0.71,62.1,61.0,2354,113.158496,0,0,0,1,0,0,0,1,0,0,0,1,0,0,0,0,0
0.54,60.3,57.0,1292,90.83016,0,0,0,1,0,0,1,0,0,0,0,1,0,0,0,0,0
0.7,61.7,57.0,3185,112.917,0,1,0,0,0,0,0,1,0,0,0,0,0,1,0,0,0
0.9,59.9,57.0,4288,149.38625,0,0,0,1,1,0,0,0,0,0,0,0,1,0,0,0,0
1.01,62.5,58.0,4899,164.09519999999998,0,0,1,0,0,1,0,0,0,0,0,1,0,0,0,0,0
0.34,63.9,58.0,650,54.967439999999996,1,0,0,0,0,0,1,0,0,0,0,1,0,0,0,0,0
1.21,60.3,58.0,10137,200.74241,0,0,1,0,1,0,0,0,0,0,0,0,0,1,0,0,0
0.7,63.2,57.0,2423,113.96011199999998,0,0,0,1,0,1,0,0,0,0,0,1,0,0,0,0,0
1.38,61.8,57.0,5796,223.0536,0,1,0,0,0,0,0,0,1,0,0,0,1,0,0,0,0
0.31,60.6,59.0,533,50.605724999999985,0,0,1,0,0,0,0,0,0,0,0,1,0,0,0,0,0
1.59,62.9,58.0,8681,256.55863,0,1,0,0,0,0,0,0,0,1,0,0,0,0,1,0,0
0.7,64.3,62.0,1878,108.166725,1,0,0,0,0,1,0,0,0,0,0,1,0,0,0,0,0
0.75,62.2,58.0,2093,121.43715099999999,0,0,0,1,0,0,0,1,0,0,0,0,1,0,0,0,0
0.57,62.5,55.0,1645,92.974921,0,0,1,0,1,0,0,0,0,0,0,0,0,0,1,0,0
0.92,62.2,56.0,4561,151.951569,0,1,0,0,0,0,0,0,0,0,0,1,0,0,0,0,0
0.4,61.8,56.0,807,66.61216800000001,0,1,0,0,0,0,0,1,0,0,0,0,0,1,0,0,0
0.44,62.3,58.0,778,71.71404,0,0,1,0,1,0,0,0,0,0,0,1,0,0,0,0,0
0.7,62.2,59.0,2020,113.68365000000001,0,0,1,0,0,0,0,1,0,0,0,1,0,0,0,0,0
